pin,t,lin,lout,hazard_1,hazard_2,hazard_b,q_1,q_2,q_b,S_1,S_2,S_b,p_1,p_2,p_b
0.04,0,8,2,0,0,0,0,1,0,1,1,1,0,0,0
0.04,1,8,2,0.7261490370736909,0.9231163463866358,0.6703200460356393,0.7261490370736909,0.9231163463866358,0.6703200460356393,0.27385096292630906,0.07688365361336424,0.3296799539643607,0.7261490370736909,0.9231163463866358,0.6703200460356393
0.04,2,8,2,0.7284648815402355,0.8621517862510061,0.6252522834066901,0.9104803146464776,0.9545542072371623,0.8764531900452683,0.0743601536585159,0.010598274317098644,0.12354680995473168,0.19949080926779317,0.0662853792962656,0.206133144009629
0.04,3,8,2,0.7428791386810555,0.8262165846753083,0.609722922574273,0.9682335378112314,0.9785296134135961,0.9517825120855956,0.019119546756486677,0.0018418043073733664,0.048217487914404396,0.05524060690202923,0.008756470009725277,0.07532932204032727
0.04,4,8,2,0.7550146945036428,0.8057201164239638,0.6038327189367821,0.9881874239930227,0.9906323120616606,0.9808978089132518,0.004684008003089774,3.578255264063396e-4,0.01910219108674816,0.014435538753396902,0.0014839787809670267,0.029115296827656238
0.04,5,8,2,0.763419971230654,0.794007708384229,0.6015242905110323,0.9954808030831396,0.9960650958831584,0.9923882408539142,0.0011081427481268258,7.37093001830615e-5,0.007611759146085807,0.0035758652549629484,2.841162262232781e-4,0.011490431940662352
0.04,6,8,2,0.7688595011988922,0.7872512245301483,0.6006083231871291,0.9982406141942198,0.9983806075624988,0.9969599267511491,2.5613666754486483e-4,1.568156335468605e-5,0.0030400732488509168,8.52006080581961e-4,5.8027736828375446e-5,0.0045716858972348895
0.04,7,8,2,0.7722702594907637,0.783314635397286,0.6002431073080425,0.9993076849079101,0.9993412606196538,0.9987847097644834,5.8329936834892604e-5,3.397965273050706e-6,0.0012152902355165864,1.9780673070997224e-4,1.2283598081635343e-5,0.0018247830133343303
0.04,8,8,2,0.7743729262879399,0.7810017903005755,0.6000972074668545,0.9997257976204496,0.9997338536141567,0.9995140020410787,1.3160812957866125e-5,7.441483114189208e-7,4.8599795892134706e-4,4.5169123877026476e-5,2.6538169616317853e-6,7.292922765952394e-4
0.04,9,8,2,0.7756564074764096,0.7796342627724777,0.600038877317583,0.9998909694719365,0.9998929027014912,0.9998056197107285,2.9525440594987063e-6,1.6398479125244632e-7,1.9438028927154516e-4,1.0208268898367419e-5,5.801635201664745e-7,2.916176696498019e-4
0.04,10,8,2,0.7764351068817755,0.7788219488799711,0.6000155500200773,0.9999565433914047,0.9999570073464428,0.9999222509069088,6.600851970886769e-7,3.6269836542540836e-8,7.774909309121725e-5,2.2924588624100293e-6,1.2771495470990548e-7,1.1663119618032791e-4
0.04,11,8,2,0.7769057372539084,0.7783378733666481,0.6000062198635071,0.9999826546233976,0.9999827659706816,0.9999689008463523,1.4726122039410692e-7,8.039649100663662e-9,3.1099153647740074e-5,5.128239766945699e-7,2.8230187441877175e-8,4.664993944347717e-5
0.04,12,8,2,0.7771894717896346,0.7780487608767761,0.6000024879225728,0.9999930707811489,0.9999930975043122,0.9999875604159132,3.2811350300913994e-8,1.7844100800082124e-9,1.2439584086809672e-5,1.1444987009319292e-7,6.25523902065545e-9,1.86595695609304e-5
0.04,13,8,2,0.7773602531425459,0.7778758283675616,0.6000009951679361,0.9999972304541479,0.9999972368676893,0.9999950241787448,7.305110725046743e-9,3.9636061087439726e-10,4.975821255248647e-6,2.550623957586725e-8,1.3880494691338152e-9,7.4637628315610255e-6
0.04,14,8,2,0.7774629377506329,0.7777722833027348,0.6000003980479944,0.9999988926953556,0.9999988942346038,0.9999980096734785,1.6256578801582463e-9,8.808231354335051e-11,1.9903265214837873e-6,5.679452844888497e-9,3.0827829733104677e-10,2.9854947337648596e-6
0.04,15,8,2,0.7775246347258999,0.7777102421526133,0.6000001591653603,0.9999995572013801,0.9999995575707995,0.9999992038697082,3.6166883069892503e-10,1.9579796148188974e-11,7.961302918024771e-7,1.2639890494593213e-9,6.850251739516153e-11,1.1941962296813102e-6
0.04,16,8,2,0.7775616873461074,0.7776730518241366,0.6000000637855407,0.9999998229101212,0.9999998229987819,0.9999996815479341,8.044900444017523e-11,4.3531163235323795e-12,3.184520659393897e-7,2.8121982625874983e-10,1.5226679824656595e-11,4.776782258630874e-7
0.04,17,8,2,0.7775839327510694,0.7776507513927611,0.6000000252408936,0.9999999291711439,0.9999999291924224,0.9999998726191817,1.7893151181675528e-11,9.67912143637331e-13,1.2738081833774118e-7,6.25558532584997e-11,3.3852041798950486e-12,1.910712476016485e-7
0.04,18,8,2,0.7775972852343486,0.7776373769448401,0.6000000111561967,0.9999999716701602,0.9999999716752671,0.9999999490476741,3.979485398516862e-12,2.152274831461396e-13,5.0952325914011e-8,1.3913665783158667e-11,7.526846604911915e-13,7.642849242373018e-8
0.04,19,8,2,0.7776052992912207,0.7776293526621885,0.6000000061010453,0.9999999886684727,0.9999999886696983,0.99999997961907,8.850164641781148e-13,4.786027475209498e-14,2.038093005474195e-8,3.0944689343387468e-12,1.673672083940446e-13,3.0571395859269046e-8
0.04,20,8,2,0.777610103740759,0.7776245392498715,0.6000000010894724,0.9999999954674871,0.9999999954677813,0.999999991847628,1.9681871965629123e-13,1.0642950649624863e-14,8.15237199969232e-9,6.881977445218236e-13,3.7217324102470116e-14,1.2228558055049629e-8
0.05,0,8,2,0,0,0,0,1,0,1,1,1,0,0,0
0.05,1,8,2,0.6703200460356393,0.9048374180359595,0.6065306597126334,0.6703200460356393,0.9048374180359595,0.6065306597126334,0.3296799539643607,0.09516258196404048,0.3934693402873666,0.6703200460356393,0.9048374180359595,0.6065306597126334
0.05,2,8,2,0.664909583903216,0.8257326179284131,0.546110883110423,0.8681521950417792,0.9314311281426862,0.8214085486138427,0.11047259295268622,0.016583734030046145,0.17859145138615728,0.21920736101167446,0.07857884793399433,0.2148778889012093
0.05,3,8,2,0.6760487421552847,0.7771522661426318,0.5216740269231657,0.942145074683141,0.9602012997722965,0.9145750702325122,0.035787735444389936,0.003695647547489104,0.08542492976748783,0.07468485750829629,0.012888086482557041,0.09316652161866945
0.05,4,8,2,0.6867735706286276,0.7486551668393082,0.5105276962858168,0.9732426542696295,0.978528885279827,0.9581868628320854,0.011209664588533563,9.288819162443686e-4,0.04181313716791457,0.024578070855856372,0.0027667656312447353,0.04361179259957326
0.05,5,8,2,0.69464524195542,0.7321182319018859,0.5051904080089827,0.9872321596170066,0.9887990228857301,0.9793104586580798,0.003422924418192563,2.4883053007790585e-4,0.020689541341920248,0.007786740170341,6.800513861664627e-4,0.021123595825994324
0.05,6,8,2,0.6999505824841241,0.7225344914251431,0.5025772978267158,0.9937921151716862,0.9942593658893836,0.9897085524389762,0.001027046477879547,6.904188957701736e-5,0.010291447561023846,0.002395877940313016,1.797886405008885e-4,0.010398093780896402
0.05,7,8,2,0.7033897521092284,0.7169696802784062,0.5012842272413284,0.9969474511877698,0.9970872083064054,0.9948674927767986,3.0463251039919626e-4,1.9540948081166193e-5,0.005132507223201354,7.224139674803507e-4,4.950094149585117e-5,0.005158940337822492
0.05,8,8,2,0.7055716278426448,0.713728392746124,0.5006410149500133,0.998488844253187,0.998530708907972,0.9974370364022604,8.969245414304393e-5,5.594018614459991e-6,0.0025629635977395533,2.1494005625615235e-4,1.3946929466706202e-5,0.0025695436254618005
0.05,9,8,2,0.7069372406390324,0.7118339320234786,0.5003202336439107,0.9992488908159047,0.9992614408576724,0.9987193389483023,2.6285518105017503e-5,1.612006348316404e-6,0.0012806610516976622,6.340693603802642e-5,3.982012266143587e-6,0.001282302546041891
0.05,10,8,2,0.7077840807111776,0.7107228837859543,0.5001600484683162,0.9996257704534808,0.9996295340641173,0.9993598744419909,7.681046837040675e-6,4.663165477597039e-7,6.401255580090747e-4,1.860447126797683e-5,1.1456898005567e-6,6.405354936885875e-4
0.05,11,8,2,0.7083056982683585,0.710069216363546,0.5000800071586801,0.999813279022336,0.9998144078953407,0.9996799884356226,2.240517593698613e-6,1.3519952211461685e-7,3.2001156437744255e-4,5.440529243342062e-6,3.3111702564508703e-7,3.201139936316321e-4
0.05,12,8,2,0.7086253608034566,0.7096835425026619,0.5000399993118716,0.9999067567458908,0.9999070953762718,0.9998400070180536,6.528300054774409e-7,3.925064631564859e-8,1.5999298194635522e-4,1.587687588221172e-6,9.594887579896825e-8,1.6001858243108733e-4
0.05,13,8,2,0.7088204853946546,0.7094554156612481,0.5000199985893616,0.9999534133211766,0.9999535149055633,0.9999200067086608,1.9009072411472623e-7,1.1404062718807482e-8,7.999329133923093e-5,4.627392813627147e-7,2.784658359684111e-8,7.99996906071243e-5
0.05,14,8,2,0.7089392181266665,0.7093201826591645,0.5000099990275833,0.9999767170900782,0.999976747564685,0.9999600041541855,5.532795478770035e-8,3.3149308680463907e-9,3.999584581448889e-5,1.3476276932702588e-7,8.089131850761093e-9,3.999744552474204e-5
0.05,15,8,2,0.709011285116299,0.7092398657483139,0.5000049994468765,0.9999883616602258,0.9999883708025015,0.9999800022770499,1.609981046081644e-8,9.63849744228227e-10,1.9997722950138013e-5,3.922814432688391e-8,2.3510811238181637e-9,1.9998122864350876e-5
0.05,16,8,2,0.709054938500432,0.7091920874532006,0.5000024997102647,0.9999941817612664,0.9999941845039332,0.9999900011885134,4.684160344653627e-9,2.802951321277772e-10,9.998811486555678e-6,1.1415650116162813e-8,6.835546121004498e-10,9.998911463582335e-6
0.05,17,8,2,0.7090813369860005,0.7091636265270055,0.5000012498488894,0.9999970911591306,0.9999970919819282,0.9999950006067537,1.3627096648098283e-9,8.152001973017655e-11,4.9993932462744076e-6,3.321450679843799e-9,1.9877511239760063e-10,4.99941824028127e-6
0.05,18,8,2,0.7090972792768118,0.7091466530448888,0.5000006249093515,0.9999985456629027,0.9999985459097416,0.999997500306501,3.964159490489629e-10,2.3710370582368554e-11,2.4996934989696125e-6,9.662937157608654e-10,5.780964914780799e-11,2.499699747304795e-6
0.05,19,8,2,0.7091068962083764,0.7091365205018062,0.500000312432859,0.9999992728563996,0.9999992729304512,0.9999987501540315,1.1531466581135494e-10,6.8964808877793324e-12,1.2498459684984196e-6,2.81101283237608e-10,1.6813889694589222e-11,1.249847530471193e-6
0.05,20,8,2,0.7091126921724175,0.7091304667240504,0.500000156249838,0.999999636435671,0.9999996364578865,0.999999375077211,3.3543572690902415e-11,2.005976177074881e-12,6.249227889609798e-7,8.177109312045253e-11,4.8905047107044515e-12,6.249231795374398e-7
0.06,0,8,2,0,0,0,0,1,0,1,1,1,0,0,0
0.06,1,8,2,0.6187833918061408,0.8869204367171575,0.5488116360940264,0.6187833918061408,0.8869204367171575,0.5488116360940264,0.38121660819385916,0.11307956328284252,0.4511883639059736,0.6187833918061408,0.8869204367171575,0.5488116360940264
0.06,2,8,2,0.6045052277103722,0.7890360848768909,0.4743556478507899,0.8215573607572773,0.9048155362924057,0.7628353847573824,0.1507691756506546,0.02385570739055983,0.23716461524261756,0.23044743254320457,0.08922385589228268,0.21402374866335605
0.06,3,8,2,0.6099262228611984,0.7263509775959343,0.44073476930572253,0.9074883027286416,0.9351001348900213,0.8673620767438179,0.05881110182215428,0.006528091006184144,0.13263792325618207,0.09195807382850031,0.017327616384375688,0.1045266919864355
0.06,4,8,2,0.6165885082704899,0.688074822918153,0.42325388754761434,0.949145095984443,0.958626892300547,0.9235015933982391,0.02254885227988828,0.0020362759431104016,0.07649840660176087,0.036262249542266,0.004491815063073742,0.0561395166544212
0.06,5,8,2,0.6215885679368888,0.6649920636686467,0.41356143635533776,0.9710521284072815,0.9743724266717073,0.955138384311358,0.008532743482612074,6.821686015025958e-4,0.044861615688642,0.014016108797276206,0.0013541073416078056,0.03163679091311887
0.06,6,8,2,0.624910902435541,0.6511225409540514,0.40800312343602524,0.9831728970560637,0.9843487935098507,0.9734420636347105,0.0032005390526419816,2.3799324833315388e-4,0.02655793636528947,0.005332204429970093,4.4417535316944193e-4,0.01830367932335253
0.06,7,8,2,0.6270129751741748,0.6427980161469731,0.40475513771334193,0.9900942343295971,0.9905134524432762,0.9841915248256254,0.001193759539083798,8.501166044822866e-5,0.01580847517437456,0.0020067795135581836,1.529815878849252e-4,0.01074946119091491
0.06,8,8,2,0.6283118645595424,0.6378031703723205,0.40283655014061137,0.99412417733828,0.9942742204105937,0.990559756427854,4.43706257246317e-4,3.079095389573322e-5,0.00944024357214601,7.50053281837481e-4,5.4220706552495445e-5,0.0063682316022285485
0.06,9,8,2,0.6291044452874045,0.6348063991076686,0.401696040125703,0.9964986556236869,0.9965524834565873,0.9943518648886072,1.6456867841082234e-4,1.1244659328092575e-5,0.005648135111392837,2.7913757883549467e-4,1.9546294567640644e-5,0.0037921084607531732
0.06,10,8,2,0.6295846983881627,0.6330084240942484,0.4010155168408767,0.997907844329169,0.9979271819945413,0.9966168547094895,6.0958756649406225e-5,4.126695247340004e-6,0.003383145290510536,1.0360992176141611e-4,7.1179640807525706e-6,0.002264989820882301
0.06,11,8,2,0.629874530251444,0.631929678923862,0.40060855431713516,0.9987478117601222,0.9987547646266746,0.9979721716533657,2.256238844014939e-5,1.518914044671808e-6,0.0020278283466342857,3.8396368209256836e-5,2.6077812026681964e-6,0.0013553169438762502
0.06,12,8,2,0.6300490312431453,0.6312824479305452,0.40036486111222097,0.99924980293869,0.999252304096012,0.9987840428677254,8.346977460901727e-6,5.600502683553036e-7,0.0012159571322746252,1.4215410979247662e-5,9.588637763165044e-7,8.118712143596605e-4
0.06,13,8,2,0.6301539478839401,0.6308941155136263,0.40021881906562773,0.9995502830550859,0.9995511830671943,0.9992706917952388,3.0870966610162377e-6,2.0671784965811526e-7,7.293082047612475e-4,5.259880799885489e-6,3.533324186971883e-7,4.8664892751337774e-4
0.06,14,8,2,0.630216975509399,0.6306611183698276,0.40013125633098734,0.9997303142062576,0.9997306381232898,0.9995625108034624,1.14155594020542e-6,7.634893940572241e-8,4.374891965376325e-4,1.945540720810818e-6,1.3036891025239285e-7,2.9181900822361495e-4
0.06,15,8,2,0.6302548200061966,0.6305213209313777,0.4000787411656688,0.9998382404782808,0.9998383570695565,0.9997375409304867,4.2208480658424843e-7,2.82093052799166e-8,2.6245906951327663e-4,7.194711336211715e-7,4.813963412580581e-8,1.750301270243559e-4
0.06,16,8,2,0.6302775367498189,0.6304374427770334,0.40004724015252296,0.9999029629863172,0.9999030049551043,0.9998425369568985,1.560542343908046e-7,1.0425102996729312e-8,1.5746304310149115e-4,2.660305721934438e-7,1.7784202283187288e-8,1.0499602641178549e-4
0.06,17,8,2,0.6302911704107291,0.6303871159967301,0.400028342455285,0.9999417845226314,0.9999417996305153,0.9999055266370284,5.769462834907411e-8,3.853252384652252e-9,9.447336297163653e-5,9.835960604173048e-8,6.57185061207706e-9,6.298968012985462e-5
0.06,18,8,2,0.6302993519082037,0.6303569199702419,0.40001700488368236,0.999965073136482,0.9999650785751304,0.9999433175887256,2.1329741492068018e-8,1.4243280795948688e-9,5.66824112744335e-5,3.636488685700609e-8,2.428924305057383e-9,3.779095169720303e-5
0.06,19,8,2,0.630304261274611,0.6303388023672661,0.40001020271691357,0.9999790447540912,0.9999790467119636,0.9999659911315499,7.885514537731666e-9,5.265188237249711e-10,3.400886845006389e-5,1.3444226954336352e-8,8.978092558698977e-10,2.2673542824369612e-5
0.06,20,8,2,0.6303072070630286,0.6303279318101409,0.400006121556891,0.9999874271664381,0.9999874278712633,0.9999795948871172,2.915217893199111e-9,1.946393025073019e-10,2.0405112882815314e-5,4.970296644532555e-9,3.318795212176692e-10,1.3603755567248573e-5
0.07,0,8,2,0,0,0,0,1,0,1,1,1,0,0,0
0.07,1,8,2,0.5712090638488149,0.8693582353988059,0.4965853037914095,0.5712090638488149,0.8693582353988059,0.4965853037914095,0.42879093615118513,0.13064176460119414,0.5034146962085905,0.5712090638488149,0.8693582353988059,0.4965853037914095
0.07,2,8,2,0.5476421150803472,0.7522890456605997,0.4100404536529831,0.7722763927856124,0.8752986651736908,0.7030056942003586,0.193966960950068,0.03236139618594508,0.29699430579964137,0.23482397520111714,0.09828036841524906,0.2064203904089491
0.07,3,8,2,0.5455692222145577,0.674363479402558,0.36797272836967515,0.8650366466176215,0.9032878076221521,0.8122914992157103,0.08814455692921791,0.010538052455666485,0.18770850078428966,0.10582240402085008,0.021823343730278597,0.1092858050153517
0.07,4,8,2,0.5457666792750426,0.6246888909871704,0.3440388091150972,0.9147365443604488,0.9295509143995127,0.8768705082863176,0.0400381947977887,0.003955048153971561,0.12312949171368236,0.04810636213142921,0.006583004301694923,0.0645790090706073
0.07,5,8,2,0.5453376694716595,0.5931899134766025,0.32931838689299,0.9440176583406872,0.9499096808223749,0.9174193138764213,0.018203858956910287,0.0016089534817213742,0.0825806861235787,0.021834335840878415,0.002346094672250187,0.040548805590103654
0.07,6,8,2,0.5442490556852904,0.5731233872804049,0.3198479855113643,0.9623637743170224,0.9647482364315066,0.9438325799751942,0.008296425909783649,6.868246123006191e-4,0.056167420024805785,0.009907433047126638,9.22128869420755e-4,0.026413266098772918
0.07,7,8,2,0.5428640376126228,0.560245089715646,0.3135824285501208,0.9743238523921444,0.9753001012460879,0.9614456959519675,0.00379259464264452,3.02034495763345e-4,0.0385543040480325,0.004503831267139129,3.847901165372741e-4,0.017613115976773286
0.07,8,8,2,0.5414650105731899,0.5519141289401667,0.30936140023665615,0.9823215026009774,0.9827243610875317,0.9733729094374166,0.0017390373443651817,1.3533739012423597e-4,0.02662709056258339,0.002053557298279338,1.6669710563910903e-4,0.01192721348544911
0.07,9,8,2,0.540205669759688,0.5464828551661963,0.30648329407297104,0.9877570147285288,0.9879241579128261,0.9815336678646165,7.995995110152796e-4,6.137782675840211e-5,0.018466332135383512,9.394378333499021e-4,7.395956336583386e-5,0.008160758427199877
0.07,10,8,2,0.5391466774198039,0.5429159781045249,0.30450482006476043,0.9914897294795391,0.9915593346379012,0.9871567550087575,3.6849809138489166e-4,2.8054823909934153e-5,0.012843244991242451,4.311014196303879e-4,3.332300284846796e-5,0.005623087144141061
0.07,11,8,2,0.5382947528054992,0.540557517297414,0.30313718659725114,0.9940702063965389,0.994099267635266,0.991050020162182,1.7013750237356316e-4,1.288957794896402e-5,0.008949979837817977,1.983605890113285e-4,1.5165245960970134e-5,0.0038932651534244744
0.07,12,8,2,0.5376301427198069,0.538988278150826,0.30218817305111434,0.9958617990997275,0.9958739543844521,0.9937545982182165,7.866645269047291e-5,5.9422465241610475e-6,0.006245401781783454,9.147104968309025e-5,6.947331424802972e-6,0.0027045780560345225
0.07,13,8,2,0.5371230855386482,0.5379381610646762,0.3015278960831307,0.9971091476936766,0.9971142381678192,0.9956377610776715,3.641288489298601e-5,2.74568535636089e-6,0.004362238922328453,4.22535677974869e-5,3.1965611678001576e-6,0.001883162859455001
0.07,14,8,2,0.5367426376170131,0.5372317627901387,0.3010676615340519,0.9979791607027577,0.9979812943836258,0.9969510901490698,1.6868537012280007e-5,1.2706159722960586e-6,0.003048909850930203,1.9544347880706004e-5,1.4750693840648312e-6,0.0013133290713982504
0.07,15,8,2,0.5364608247648253,0.5367543329025152,0.30074645178404547,0.9985867108423334,0.9985876057221857,0.9978680389685465,7.819227734096293e-6,5.88607343711007e-7,0.0021319610314535216,9.049309278183714e-6,6.820086285850516e-7,9.169488194766813e-4
0.07,16,8,2,0.5362541631014409,0.5364302817100989,0.3005220707123851,0.9990113119472335,0.999011687425244,0.998508740312397,3.6261343094489094e-6,2.7286054050747853e-7,0.0014912596876029967,4.1930934246473835e-6,3.1574680320352847e-7,6.407013438505249e-4
0.07,17,8,2,0.536103819559077,0.5362094964457711,0.3003652315262494,0.9993082103268754,0.9993083679185565,0.9989566628737296,1.6821498559191329e-6,1.2655012748204255e-7,0.0010433371262703604,1.9439844535297765e-6,1.4631041302543598e-7,4.479225613326363e-4
0.07,18,8,2,0.5359951492243109,0.5360585577466976,0.3002555553782938,0.9995158865124162,0.9995159526688817,0.9992699306420247,7.805256928781041e-7,5.871184866135809e-8,7.300693579752603e-4,9.016241630410288e-7,6.783827882068446e-8,3.1326776829510006e-4
0.07,19,8,2,0.5359170115989632,0.5359550577125273,0.30017883652669064,0.9996611872306108,0.9996612150069125,0.9994890820124855,3.622286960746604e-7,2.7244936423650748e-8,5.109179875144586e-4,4.182969968034437e-7,3.146691223770734e-8,2.191513704608017e-4
0.07,20,8,2,0.5358610691383859,0.5358838972255282,0.3001251599856223,0.9997628630715171,0.9997628747347974,0.9996424213552279,1.6812443972348941e-7,1.264481371328304e-8,3.5757864477214957e-4,1.94104256351171e-7,1.4600122710367708e-8,1.5333934274230904e-4
0.08,0,8,2,0,0,0,0,1,0,1,1,1,0,0,0
0.08,1,8,2,0.5272924240430485,0.8521437889662113,0.44932896411722156,0.5272924240430485,0.8521437889662113,0.44932896411722156,0.47270757595695145,0.14785621103378865,0.5506710358827784,0.5272924240430485,0.8521437889662113,0.44932896411722156
0.08,2,8,2,0.49455880073832276,0.7157004837890517,0.3529544861568435,0.7216681712247384,0.8434444909071444,0.6436907766286843,0.2389258840917619,0.042035449265689986,0.35630922337131565,0.23378169186518954,0.10582076176809867,0.19436181251146278
0.08,3,8,2,0.48396032135874095,0.6218371148401141,0.3039153689444083,0.8161303028745497,0.865257076080825,0.7519786257078733,0.12329523644579153,0.015896246773305336,0.2480213742921267,0.11563064764597038,0.02613920249238465,0.10828784907918895
0.08,4,8,2,0.4759449105861321,0.5596461228329688,0.2743679780573429,0.8700231365187892,0.8907828262101666,0.8200277486874076,0.06461349615990326,0.006999973899028914,0.17997225131259242,0.05868174028588827,0.008896272874276422,0.06804912297953428
0.08,5,8,2,0.4679206207088669,0.518236617659715,0.2549238621470845,0.904240476231968,0.9132959594802497,0.8659069700713193,0.03437950893059134,0.0033723311018898825,0.13409302992868066,0.03023398722931192,0.003627642797139032,0.04587922138391176
0.08,6,8,2,0.46004819493770654,0.49018171306223585,0.24141567841669875,0.9275962264437367,0.9316369211914657,0.8982791298625025,0.018563277904228036,0.0017192760653524423,0.10172087013749753,0.015816231026363307,0.0016530550365374402,0.03237215979118313
0.08,7,8,2,0.45274669818377516,0.47076996761837986,0.23168539745507716,0.944332917953635,0.9461662606032456,0.9218463700897849,0.010158815125620963,9.098925277394175e-4,0.07815362991021513,0.008404462778607073,8.093835376130247e-4,0.023567240227282404
0.08,8,8,2,0.4462701161119383,0.4570475036098622,0.2244959925845294,0.956723999584386,0.9575662915382978,0.9393915468105626,0.005625239519950382,4.940284193828494e-4,0.060608453189437424,0.004533575605670581,4.1586410835656813e-4,0.017545176720777704
0.08,9,8,2,0.4407023166168294,0.44714818436314835,0.21908500600826397,0.9661018325377103,0.9664925066112784,0.9526699501417221,0.0031461834319837074,2.7312450863201224e-4,0.04733004985827794,0.0024790560879666746,2.2090391075083716e-4,0.013278403331159483
0.08,10,8,2,0.4360181178807208,0.4398747596839455,0.2149562537729462,0.9733067094001291,0.9734892444489612,0.9628438403501443,0.0017743904534626648,1.5298393103371015e-4,0.037156159649855754,0.0013717929785210426,1.2014057759830208e-4,0.010173890208422187
0.08,11,8,2,0.4321359379230106,0.43444435455196195,0.21177303186837312,0.9789003522500518,0.9789861241468555,0.9707125129317795,0.0010076125706139402,8.65209258589481e-5,0.02928748706822049,7.667778828487246e-4,6.646300517476206e-5,0.007868672581635264
0.08,12,8,2,0.4289520288817223,0.43033428421277325,0.20929922734622847,0.9832754399305399,0.983315922715673,0.9768423613460707,5.753951141223627e-4,4.928800516001123e-5,0.023157638653929283,4.3221745649157743e-4,3.723292069893686e-5,0.006129848414291206
0.08,13,8,2,0.4263600255615828,0.4271879937921128,0.20736489329730923,0.9867158527545059,0.9867350265436055,0.9816444426145604,3.3006963855714233e-4,2.823276111769073e-5,0.018355557385439595,2.453254755652204e-4,2.1055244042320502e-5,0.0048020812684896885
0.08,14,8,2,0.4242609056911633,0.42475700606234146,0.2058451325422452,0.9894319880153731,0.9894410942142052,0.985422844757453,1.9003399476173424e-4,1.6240698032467132e-5,0.014577155242546993,1.400356437954081e-4,1.1992063085223599e-5,0.0037784021428926024
0.08,15,8,2,0.42256724966971443,0.4228645774343387,0.20464660964458756,0.9915826731563046,0.9915870073492874,0.9884060101561031,1.0973185225151929e-4,9.373082121729222e-6,0.011593989843896925,8.030214251021495e-5,6.86761591073791e-6,0.0029831653986500672
0.08,16,8,2,0.4212043387533952,0.4213825736918434,0.20369863274078231,0.9932894489818153,0.9932915154358815,0.9907676900353154,6.351231998373284e-5,5.423428653849958e-6,0.009232309964684604,4.6219532267786445e-5,3.949653467879264e-6,0.002361679879212321
0.08,17,8,2,0.4201096317023762,0.42021649424201485,0.20294707916563146,0.9946462723743412,0.9946472589624308,0.9926413603765999,3.683018262680337e-5,3.1444144781574394e-6,0.0073586396234001095,2.6682137356929473e-5,2.2790141756925184e-6,0.0018736703412844946
0.08,18,8,2,0.41923150848653473,0.41929558806805867,0.2023501507080923,0.9957263339663267,0.9957268055048744,0.9941303822134014,2.1389809606334025e-5,1.825975360408698e-6,0.005869617786598559,1.5440373020469342e-5,1.3184391177487414e-6,0.0014890218368015509
0.08,19,8,2,0.41852777019863335,0.4185661996226321,0.20187534120048534,0.9965869802575448,0.9965872058235754,0.9953153133067875,1.2437580286821735e-5,1.0616837931978634e-6,0.004684686693212536,8.95222931951229e-6,7.642915672108346e-7,0.0011849310933860222
0.08,20,8,2,0.41796414883886246,0.4179871976547278,0.20149722874515041,0.9972733443930928,0.9972734523695738,0.9962592646930091,7.2391176286252745e-6,6.179135596836469e-7,0.003740735306990928,5.198462658196461e-6,4.4377023351421656e-7,9.439513862216082e-4
0.09,0,8,2,0,0,0,0,1,0,1,1,1,0,0,0
0.09,1,8,2,0.4867522559599717,0.835270211411272,0.4065696597405991,0.4867522559599717,0.835270211411272,0.4065696597405991,0.5132477440400283,0.164729788588728,0.5934303402594009,0.48675225595997174,0.835270211411272,0.4065696597405991
0.09,2,8,2,0.4453660751023487,0.6794604923110045,0.3027051347668413,0.6708634012285798,0.8097821308855385,0.5862040708635535,0.284664610721786,0.05280240533594319,0.41379592913644647,0.22858313331824226,0.11192738325278481,0.17963441112295442
0.09,3,8,2,0.4259261886654512,0.5694656873732772,0.24858443743137176,0.7624505938459193,0.8218466540815039,0.6890672991193288,0.16341849802912134,0.022733247286347902,0.3109327008806712,0.12124611269266466,0.030069158049595285,0.10286322825577526
0.09,4,8,2,0.40885608696378156,0.49441431466833646,0.21495908113532,0.81619402651048,0.8427968773332207,0.7559051067955612,0.09660385038743634,0.011493604409082385,0.2440948932044388,0.066814647641685,0.011239642877265517,0.0668378076762324
0.09,5,8,2,0.39204489224100997,0.4425252836798463,0.19199992087347792,0.8516012628984763,0.8639232686556573,0.8027713069764335,0.058730804272227204,0.0064073938574492695,0.1972286930235665,0.037873046115209134,0.005086210551633116,0.046866200180872314
0.09,6,8,2,0.3759466821971346,0.4056298409494707,0.17535387618461523,0.8769187797527205,0.8827731503582548,0.8373561227929415,0.036651153263314085,0.0038083637061515066,0.16264387720705853,0.02207965100891312,0.002599030151297763,0.03458481581650796
0.09,7,8,2,0.36109258542373035,0.37853764362056924,0.1627709834528525,0.896085620916978,0.8989229528202146,0.8638298266385194,0.02341669357270261,0.0023667546827748176,0.13617017336148063,0.013234459690611475,0.001441609023376689,0.0264737038455779
0.09,8,8,2,0.3477452988947842,0.3580055966181613,0.1529633956626451,0.911182364274662,0.9125795107943947,0.8846588787438625,0.015273648467135569,0.001519443260519192,0.1153411212561375,0.008143045105567041,8.473114222556255e-4,0.020829052105343124
0.09,9,8,2,0.3359501091095988,0.34199250107357987,0.145137861788881,0.9234077410146854,0.92410467727888,0.9013992424593104,0.010142464598099716,9.998050596148388e-4,0.09860075754068966,0.005131183869035853,5.196382009043533e-4,0.016740363715447848
0.09,10,8,2,0.3256267209598868,0.3291904571056485,0.13877781812816742,0.933506283821446,0.9338576709050932,0.9150828404565917,0.006839807108568768,6.706787750236897e-4,0.0849171595434083,0.0033026574895309475,3.2912628459114905e-4,0.01368359799728136
0.09,11,8,2,0.3166365068169784,0.31874155819044653,0.1335318093121564,0.9419707132232366,0.9421494682065644,0.9264219824120721,0.004674074478409616,4.56905577227379e-4,0.07357801758792794,0.0021657326301591524,2.1377319779631074e-4,0.011339141955480359
0.09,12,8,2,0.30882266609966846,0.31006791782127197,0.12915207631007436,0.9491445419699043,0.9492361651229778,0.9359247361543321,0.0032306143364387416,3.1523381625555923e-4,0.06407526384566786,0.0014434601419708744,1.4167176097181974e-4,0.009502753742260076
0.09,13,8,2,0.3020315188968164,0.3027691663984249,0.1254587561853077,0.9552774854173535,0.9553247503756441,0.943963539058655,0.002254866981434318,2.1979073648726932e-4,0.056036460941344964,9.757473550044238e-4,9.544307976828992e-5,0.008038802904322899
0.09,14,8,2,0.2961224142966105,0.296559927445523,0.1223180085308278,0.9605571911612438,0.9605817078497242,0.9508178073661159,0.0015871503269742771,1.5460961162140665e-4,0.04918219263388413,6.677166544600407e-4,6.518112486586267e-5,0.006854268307460831
0.09,15,8,2,0.2909713030029607,0.29123110091634863,0.11962811677462075,0.9651284140413398,0.9651411914723619,0.9567013804497541,0.0011253351282729965,1.0958248421665529e-4,0.04329861955024595,4.6181519870128066e-4,4.5027127404751355e-5,0.005883573083638183
0.09,16,8,2,0.286471031262192,0.28662546268336137,0.11731035824481915,0.9691051806445423,0.9691118673118941,0.9617807570206995,8.029592135610601e-4,7.817335397606433e-5,0.03821924297930047,3.2237591471193637e-4,3.140913024059096e-5,0.005079376570945482
0.09,17,8,2,0.2825300970728472,0.28262198257643945,0.11530283281483089,0.972578843449692,0.9725823552440801,0.9661875440042512,5.760990690081168e-4,5.607984569069925e-5,0.03381245599574879,2.2686014455294335e-4,2.2093508285365085e-5,0.00440678698355168
0.09,18,8,2,0.2790708127326568,0.2791255305591663,0.11355618628456349,0.975623613579472,0.9756254637235731,0.9700271575560431,4.153266336054946e-4,4.042652900860665e-5,0.02997284244395693,1.6077243540262216e-4,1.56533166820926e-5,0.0038396135517918574
0.09,19,8,2,0.27602735819050606,0.2760599676701617,0.11203058123495009,0.9783004820733088,0.9783014594721047,0.9733850325163032,3.006851201452137e-4,2.9266382717473843e-5,0.026614967483696853,1.1464151346028093e-4,1.1160146291132808e-5,0.0033578749602600766
0.09,20,8,2,0.27334395412671425,0.27336340137808285,0.11069350944834683,0.9806600729672508,0.9806605905552136,0.9763311366709272,2.1849466045765486e-4,2.1266024791792455e-5,0.023668863329072812,8.219045968755882e-5,8.000357925681387e-6,0.0029461041546240407
